"id_client";"nom";"prenom";"pays";"date_inscription"
"1";"Dupont";"Jean";"France";"2024-01-01"
"2";"Martin";"Marie";"Canada";"2024-01-02"
"3";"Smith";"John";"USA";"2024-01-03"
"4";"Gonzalez";"Maria";"Mexico";"2024-01-04"
"5";"Chen";"Li";"China";"2024-01-05"
"6";"Johnson";"Michael";"Germany";"2024-01-06"
"7";"Williams";"Emma";"UK";"2024-01-07"
"8";"Brown";"Oliver";"France";"2024-01-08"
"9";"Jones";"Sophia";"USA";"2024-01-09"
"10";"Davis";"Isabella";"Canada";"2024-01-10"
"11";"Miller";"Mason";"Mexico";"2024-01-11"
"12";"Wilson";"James";"China";"2024-01-12"
"13";"Moore";"Amelia";"Germany";"2024-01-13"
"14";"Taylor";"Benjamin";"UK";"2024-01-14"
"15";"Anderson";"Charlotte";"France";"2024-01-15"
"16";"Thomas";"Lucas";"USA";"2024-01-16"
"17";"Jackson";"Evelyn";"Canada";"2024-01-17"
"18";"White";"Henry";"Mexico";"2024-01-18"
"19";"Harris";"Lily";"China";"2024-01-19"
"20";"Martin";"Liam";"Germany";"2024-01-20"
"21";"Thompson";"Ella";"UK";"2024-01-21"
"22";"Garcia";"Jack";"France";"2024-01-22"
"23";"Martinez";"Grace";"USA";"2024-01-23"
"24";"Roberts";"Daniel";"Canada";"2024-01-24"
"25";"Clark";"Hannah";"Mexico";"2024-01-25"
"26";"Lewis";"Matthew";"China";"2024-01-26"
"27";"Walker";"Zoe";"Germany";"2024-01-27"
"28";"Young";"Joseph";"UK";"2024-01-28"
"29";"Allen";"Megan";"France";"2024-01-29"
"30";"King";"Samuel";"USA";"2024-01-30"
"31";"Scott";"Ava";"Canada";"2024-01-31"
"32";"Adams";"David";"Mexico";"2024-02-01"
"33";"Baker";"Sofia";"China";"2024-02-02"
"34";"Gonzalez";"Sebastian";"Germany";"2024-02-03"
"35";"Nelson";"Lily";"UK";"2024-02-04"
"36";"Carter";"Benjamin";"France";"2024-02-05"
"37";"Mitchell";"Eva";"USA";"2024-02-06"
"38";"Perez";"Mia";"Canada";"2024-02-07"
"39";"Robinson";"Mason";"Mexico";"2024-02-08"
"40";"Hernandez";"Chloe";"China";"2024-02-09"
"41";"Evans";"Jacob";"Germany";"2024-02-10"
"42";"Collins";"Isla";"UK";"2024-02-11"
"43";"Stewart";"Oscar";"France";"2024-02-12"
"44";"Sanchez";"Charlotte";"USA";"2024-02-13"
"45";"Morris";"Ethan";"Canada";"2024-02-14"
"46";"Rogers";"Ellie";"Mexico";"2024-02-15"
"47";"Reed";"Megan";"China";"2024-02-16"
"48";"Cook";"Oliver";"Germany";"2024-02-17"
"49";"Bell";"Leo";"UK";"2024-02-18"
"50";"Bailey";"Lily";"France";"2024-02-19"
"51";"Gomez";"Maya";"USA";"2024-02-20"
"52";"Price";"Joshua";"Canada";"2024-02-21"
"53";"Kim";"Evelyn";"Mexico";"2024-02-22"
"54";"Howard";"Henry";"China";"2024-02-23"
"55";"Ward";"Amelia";"Germany";"2024-02-24"
"56";"Torres";"Luca";"UK";"2024-02-25"
"57";"Peterson";"Mia";"France";"2024-02-26"
"58";"Gray";"Daniel";"USA";"2024-02-27"
"59";"James";"Isabelle";"Canada";"2024-02-28"
"60";"Watson";"Jack";"Mexico";"2024-02-29"
"61";"Brooks";"Oliver";"China";"2024-03-01"
"62";"Kelly";"Sophie";"Germany";"2024-03-02"
"63";"Sanders";"Harry";"UK";"2024-03-03"
"64";"Price";"Zoe";"France";"2024-03-04"
"65";"Bennett";"George";"USA";"2024-03-05"
"66";"Wood";"Megan";"Canada";"2024-03-06"
"67";"Barnes";"Sam";"Mexico";"2024-03-07"
"68";"Ross";"Violet";"China";"2024-03-08"
"69";"Henderson";"Emily";"Germany";"2024-03-09"
"70";"Cole";"Aiden";"UK";"2024-03-10"
"71";"Morris";"Isla";"France";"2024-03-11"
"72";"Ward";"Luke";"USA";"2024-03-12"
"73";"Johnson";"Elijah";"Canada";"2024-03-13"
"74";"Lee";"Eleanor";"Mexico";"2024-03-14"
"75";"Walker";"Wyatt";"China";"2024-03-15"
"76";"Young";"Chloe";"Germany";"2024-03-16"
"77";"King";"Elliot";"UK";"2024-03-17"
"78";"Scott";"Lily";"France";"2024-03-18"
"79";"Green";"Henry";"USA";"2024-03-19"
"80";"Adams";"Amelia";"Canada";"2024-03-20"
"81";"Nelson";"Mason";"Mexico";"2024-03-21"
"82";"Carter";"Sophie";"China";"2024-03-22"
"83";"Mitchell";"Owen";"Germany";"2024-03-23"
"84";"Perez";"Alice";"UK";"2024-03-24"
"85";"Robinson";"Sebastian";"France";"2024-03-25"
"86";"Hernandez";"Henry";"USA";"2024-03-26"
"87";"Evans";"Eve";"Canada";"2024-03-27"
"88";"Collins";"Maya";"Mexico";"2024-03-28"
"89";"Stewart";"James";"China";"2024-03-29"
"90";"Sanchez";"Mia";"Germany";"2024-03-30"
"91";"Morris";"Zoe";"UK";"2024-03-31"
"92";"Rogers";"Luca";"France";"2024-04-01"
"93";"Reed";"Joshua";"USA";"2024-04-02"
"94";"Cook";"Emily";"Canada";"2024-04-03"
"95";"Bell";"Oscar";"Mexico";"2024-04-04"
"96";"Bailey";"Aiden";"China";"2024-04-05"
"97";"Gomez";"Liam";"Germany";"2024-04-06"
"98";"Price";"Chloe";"UK";"2024-04-07"
"99";"Howard";"Henry";"France";"2024-04-08"
"100";"Ward";"Mason";"USA";"2024-04-09"
